component,reliability,total_flips,recent_instability_rate,effective_weight
rsi,0.4999999999999999,8,0.5333333333333333,
macd,0.4999999999999999,7,0.4666666666666667,
bb,0.4999999999999999,8,0.5333333333333333,
ema,0.4999999999999999,8,0.5333333333333333,
volume,0.4999999999999999,8,0.5333333333333333,
