component,reliability,total_flips,recent_instability_rate,effective_weight
rsi,0.5592436885370703,7,0.4666666666666667,
macd,0.5592436885370703,7,0.4666666666666667,
bb,0.5592436885370703,7,0.4666666666666667,
ema,0.5592436885370703,8,0.5333333333333333,
volume,0.5592436885370703,7,0.4666666666666667,
